GET,localhost:4000,HTTP/1.1,/,[::1]:62865,
GET,localhost:4000,HTTP/1.1,/favicon.ico,[::1]:62865,
GET,localhost:4000,HTTP/1.1,/users,[::1]:62865,
GET,localhost:4000,HTTP/1.1,/favicon.ico,[::1]:62865,
GET,localhost:4000,HTTP/1.1,/users,[::1]:63214,
GET,localhost:4000,HTTP/1.1,/favicon.ico,[::1]:63214,
GET,localhost:4000,HTTP/1.1,/userInfo/1,[::1]:63214,
GET,localhost:4000,HTTP/1.1,/favicon.ico,[::1]:63214,
POST,localhost:4000,HTTP/1.1,/userInfo/1,[::1]:63230,
GET,localhost:4000,HTTP/1.0,/userInfo/1,[::1]:63340,
GET,localhost:4000,HTTP/1.0,/userInfo/1,[::1]:63611,
GET,localhost:4000,HTTP/1.0,/userInfo/1,[::1]:64219,
GET,localhost:4000,HTTP/1.0,/userInfo/1,[::1]:64476,
GET,localhost:4000,HTTP/1.0,/userInfo/1,[::1]:64483,
GET,localhost:4000,HTTP/1.0,/userInfo/1,[::1]:64484,
GET,localhost:4000,HTTP/1.0,/userInfo/1,[::1]:64478,
GET,localhost:4000,HTTP/1.0,/userInfo/1,[::1]:64482,
GET,localhost:4000,HTTP/1.0,/userInfo/1,[::1]:64481,
GET,localhost:4000,HTTP/1.0,/userInfo/1,[::1]:64486,
GET,localhost:4000,HTTP/1.0,/userInfo/1,[::1]:64477,
GET,localhost:4000,HTTP/1.0,/userInfo/1,[::1]:64518,
GET,localhost:4000,HTTP/1.0,/userInfo/1,[::1]:64480,
GET,localhost:4000,HTTP/1.0,/userInfo/1,[::1]:64519,
GET,localhost:4000,HTTP/1.0,/userInfo/1,[::1]:64530,
GET,localhost:4000,HTTP/1.0,/userInfo/1,[::1]:64541,
GET,localhost:4000,HTTP/1.0,/userInfo/1,[::1]:64479,
GET,localhost:4000,HTTP/1.0,/userInfo/1,[::1]:64513,
GET,localhost:4000,HTTP/1.0,/userInfo/1,[::1]:64542,
GET,localhost:4000,HTTP/1.0,/userInfo/1,[::1]:64511,
GET,localhost:4000,HTTP/1.0,/userInfo/1,[::1]:64485,
GET,localhost:4000,HTTP/1.0,/userInfo/1,[::1]:64491,
GET,localhost:4000,HTTP/1.0,/userInfo/1,[::1]:64532,
GET,localhost:4000,HTTP/1.0,/userInfo/1,[::1]:64544,
GET,localhost:4000,HTTP/1.0,/userInfo/1,[::1]:64521,
GET,localhost:4000,HTTP/1.0,/userInfo/1,[::1]:64529,
GET,localhost:4000,HTTP/1.0,/userInfo/1,[::1]:64520,
GET,localhost:4000,HTTP/1.0,/userInfo/1,[::1]:64516,
GET,localhost:4000,HTTP/1.0,/userInfo/1,[::1]:64531,
GET,localhost:4000,HTTP/1.0,/userInfo/1,[::1]:64522,
GET,localhost:4000,HTTP/1.0,/userInfo/1,[::1]:64489,
GET,localhost:4000,HTTP/1.0,/userInfo/1,[::1]:64539,
GET,localhost:4000,HTTP/1.0,/userInfo/1,[::1]:64563,
GET,localhost:4000,HTTP/1.0,/userInfo/1,[::1]:64525,
GET,localhost:4000,HTTP/1.0,/userInfo/1,[::1]:64517,
GET,localhost:4000,HTTP/1.0,/userInfo/1,[::1]:64512,
GET,localhost:4000,HTTP/1.0,/userInfo/1,[::1]:64527,
GET,localhost:4000,HTTP/1.0,/userInfo/1,[::1]:64492,
GET,localhost:4000,HTTP/1.0,/userInfo/1,[::1]:64505,
GET,localhost:4000,HTTP/1.0,/userInfo/1,[::1]:64526,
GET,localhost:4000,HTTP/1.0,/userInfo/1,[::1]:64543,
GET,localhost:4000,HTTP/1.0,/userInfo/1,[::1]:64538,
GET,localhost:4000,HTTP/1.0,/userInfo/1,[::1]:64533,
GET,localhost:4000,HTTP/1.0,/userInfo/1,[::1]:64487,
GET,localhost:4000,HTTP/1.0,/userInfo/1,[::1]:64494,
GET,localhost:4000,HTTP/1.0,/userInfo/1,[::1]:64504,
GET,localhost:4000,HTTP/1.0,/userInfo/1,[::1]:64507,
GET,localhost:4000,HTTP/1.0,/userInfo/1,[::1]:64515,
GET,localhost:4000,HTTP/1.0,/userInfo/1,[::1]:64514,
GET,localhost:4000,HTTP/1.0,/userInfo/1,[::1]:64506,
GET,localhost:4000,HTTP/1.0,/userInfo/1,[::1]:64508,
GET,localhost:4000,HTTP/1.0,/userInfo/1,[::1]:64509,
GET,localhost:4000,HTTP/1.0,/userInfo/1,[::1]:64523,
GET,localhost:4000,HTTP/1.0,/userInfo/1,[::1]:64490,
GET,localhost:4000,HTTP/1.0,/userInfo/1,[::1]:64497,
GET,localhost:4000,HTTP/1.0,/userInfo/1,[::1]:64499,
GET,localhost:4000,HTTP/1.0,/userInfo/1,[::1]:64524,
GET,localhost:4000,HTTP/1.0,/userInfo/1,[::1]:64502,
GET,localhost:4000,HTTP/1.0,/userInfo/1,[::1]:64503,
GET,localhost:4000,HTTP/1.0,/userInfo/1,[::1]:64536,
GET,localhost:4000,HTTP/1.0,/userInfo/1,[::1]:64498,
GET,localhost:4000,HTTP/1.0,/userInfo/1,[::1]:64528,
GET,localhost:4000,HTTP/1.0,/userInfo/1,[::1]:64534,
GET,localhost:4000,HTTP/1.0,/userInfo/1,[::1]:64500,
GET,localhost:4000,HTTP/1.0,/userInfo/1,[::1]:64488,
GET,localhost:4000,HTTP/1.0,/userInfo/1,[::1]:64496,
GET,localhost:4000,HTTP/1.0,/userInfo/1,[::1]:64540,
GET,localhost:4000,HTTP/1.0,/userInfo/1,[::1]:64493,
GET,localhost:4000,HTTP/1.0,/userInfo/1,[::1]:64537,
GET,localhost:4000,HTTP/1.0,/userInfo/1,[::1]:64495,
GET,localhost:4000,HTTP/1.0,/userInfo/1,[::1]:64510,
GET,localhost:4000,HTTP/1.0,/userInfo/1,[::1]:64501,
GET,localhost:4000,HTTP/1.0,/userInfo/1,[::1]:64535,
GET,localhost:4000,HTTP/1.0,/userInfo/1,[::1]:64552,
GET,localhost:4000,HTTP/1.0,/userInfo/1,[::1]:64560,
GET,localhost:4000,HTTP/1.0,/userInfo/1,[::1]:64548,
GET,localhost:4000,HTTP/1.0,/userInfo/1,[::1]:64561,
GET,localhost:4000,HTTP/1.0,/userInfo/1,[::1]:64547,
GET,localhost:4000,HTTP/1.0,/userInfo/1,[::1]:64558,
GET,localhost:4000,HTTP/1.0,/userInfo/1,[::1]:64559,
GET,localhost:4000,HTTP/1.0,/userInfo/1,[::1]:64550,
GET,localhost:4000,HTTP/1.0,/userInfo/1,[::1]:64546,
GET,localhost:4000,HTTP/1.0,/userInfo/1,[::1]:64562,
GET,localhost:4000,HTTP/1.0,/userInfo/1,[::1]:64545,
GET,localhost:4000,HTTP/1.0,/userInfo/1,[::1]:64551,
GET,localhost:4000,HTTP/1.0,/userInfo/1,[::1]:64564,
GET,localhost:4000,HTTP/1.0,/userInfo/1,[::1]:64549,
GET,localhost:4000,HTTP/1.0,/userInfo/1,[::1]:64557,
GET,localhost:4000,HTTP/1.0,/userInfo/1,[::1]:64555,
GET,localhost:4000,HTTP/1.0,/userInfo/1,[::1]:64556,
GET,localhost:4000,HTTP/1.0,/userInfo/1,[::1]:64554,
GET,localhost:4000,HTTP/1.0,/userInfo/1,[::1]:64553,
GET,localhost:4000,HTTP/1.0,/userInfo/1,[::1]:64565,
GET,localhost:4000,HTTP/1.0,/userInfo/1,[::1]:64566,
GET,localhost:4000,HTTP/1.0,/userInfo/1,[::1]:64567,
GET,localhost:4000,HTTP/1.0,/userInfo/1,[::1]:64568,
GET,localhost:4000,HTTP/1.0,/userInfo/1,[::1]:64569,
GET,localhost:4000,HTTP/1.0,/userInfo/1,[::1]:64570,
GET,localhost:4000,HTTP/1.0,/userInfo/1,[::1]:64571,
GET,localhost:4000,HTTP/1.0,/userInfo/1,[::1]:64572,
GET,localhost:4000,HTTP/1.0,/userInfo/1,[::1]:64573,
GET,localhost:4000,HTTP/1.0,/userInfo/1,[::1]:64574,
GET,localhost:4000,HTTP/1.0,/userInfo/1,[::1]:64575,
GET,localhost:4000,HTTP/1.0,/userInfo/1,[::1]:64580,
GET,localhost:4000,HTTP/1.0,/userInfo/1,[::1]:64585,
GET,localhost:4000,HTTP/1.0,/userInfo/1,[::1]:64581,
GET,localhost:4000,HTTP/1.0,/userInfo/1,[::1]:64582,
GET,localhost:4000,HTTP/1.0,/userInfo/1,[::1]:64583,
GET,localhost:4000,HTTP/1.0,/userInfo/1,[::1]:64586,
GET,localhost:4000,HTTP/1.0,/userInfo/1,[::1]:64584,
GET,localhost:4000,HTTP/1.0,/userInfo/1,[::1]:64676,
GET,localhost:4000,HTTP/1.0,/userInfo/1,[::1]:64626,
GET,localhost:4000,HTTP/1.0,/userInfo/1,[::1]:64629,
GET,localhost:4000,HTTP/1.0,/userInfo/1,[::1]:64641,
GET,localhost:4000,HTTP/1.0,/userInfo/1,[::1]:64625,
GET,localhost:4000,HTTP/1.0,/userInfo/1,[::1]:64594,
GET,localhost:4000,HTTP/1.0,/userInfo/1,[::1]:64630,
GET,localhost:4000,HTTP/1.0,/userInfo/1,[::1]:64596,
GET,localhost:4000,HTTP/1.0,/userInfo/1,[::1]:64609,
GET,localhost:4000,HTTP/1.0,/userInfo/1,[::1]:64648,
GET,localhost:4000,HTTP/1.0,/userInfo/1,[::1]:64647,
GET,localhost:4000,HTTP/1.0,/userInfo/1,[::1]:64623,
GET,localhost:4000,HTTP/1.0,/userInfo/1,[::1]:64607,
GET,localhost:4000,HTTP/1.0,/userInfo/1,[::1]:64613,
GET,localhost:4000,HTTP/1.0,/userInfo/1,[::1]:64644,
GET,localhost:4000,HTTP/1.0,/userInfo/1,[::1]:64593,
GET,localhost:4000,HTTP/1.0,/userInfo/1,[::1]:64597,
GET,localhost:4000,HTTP/1.0,/userInfo/1,[::1]:64595,
GET,localhost:4000,HTTP/1.0,/userInfo/1,[::1]:64628,
GET,localhost:4000,HTTP/1.0,/userInfo/1,[::1]:64610,
GET,localhost:4000,HTTP/1.0,/userInfo/1,[::1]:64606,
GET,localhost:4000,HTTP/1.0,/userInfo/1,[::1]:64632,
GET,localhost:4000,HTTP/1.0,/userInfo/1,[::1]:64592,
GET,localhost:4000,HTTP/1.0,/userInfo/1,[::1]:64615,
GET,localhost:4000,HTTP/1.0,/userInfo/1,[::1]:64590,
GET,localhost:4000,HTTP/1.0,/userInfo/1,[::1]:64668,
GET,localhost:4000,HTTP/1.0,/userInfo/1,[::1]:64643,
GET,localhost:4000,HTTP/1.0,/userInfo/1,[::1]:64675,
GET,localhost:4000,HTTP/1.0,/userInfo/1,[::1]:64622,
GET,localhost:4000,HTTP/1.0,/userInfo/1,[::1]:64591,
GET,localhost:4000,HTTP/1.0,/userInfo/1,[::1]:64646,
GET,localhost:4000,HTTP/1.0,/userInfo/1,[::1]:64637,
GET,localhost:4000,HTTP/1.0,/userInfo/1,[::1]:64665,
GET,localhost:4000,HTTP/1.0,/userInfo/1,[::1]:64638,
GET,localhost:4000,HTTP/1.0,/userInfo/1,[::1]:64663,
GET,localhost:4000,HTTP/1.0,/userInfo/1,[::1]:64639,
GET,localhost:4000,HTTP/1.0,/userInfo/1,[::1]:64614,
GET,localhost:4000,HTTP/1.0,/userInfo/1,[::1]:64640,
GET,localhost:4000,HTTP/1.0,/userInfo/1,[::1]:64631,
GET,localhost:4000,HTTP/1.0,/userInfo/1,[::1]:64608,
GET,localhost:4000,HTTP/1.0,/userInfo/1,[::1]:64670,
GET,localhost:4000,HTTP/1.0,/userInfo/1,[::1]:64661,
GET,localhost:4000,HTTP/1.0,/userInfo/1,[::1]:64653,
GET,localhost:4000,HTTP/1.0,/userInfo/1,[::1]:64604,
GET,localhost:4000,HTTP/1.0,/userInfo/1,[::1]:64612,
GET,localhost:4000,HTTP/1.0,/userInfo/1,[::1]:64652,
GET,localhost:4000,HTTP/1.0,/userInfo/1,[::1]:64598,
GET,localhost:4000,HTTP/1.0,/userInfo/1,[::1]:64645,
GET,localhost:4000,HTTP/1.0,/userInfo/1,[::1]:64624,
GET,localhost:4000,HTTP/1.0,/userInfo/1,[::1]:64649,
GET,localhost:4000,HTTP/1.0,/userInfo/1,[::1]:64620,
GET,localhost:4000,HTTP/1.0,/userInfo/1,[::1]:64650,
GET,localhost:4000,HTTP/1.0,/userInfo/1,[::1]:64664,
GET,localhost:4000,HTTP/1.0,/userInfo/1,[::1]:64651,
GET,localhost:4000,HTTP/1.0,/userInfo/1,[::1]:64621,
GET,localhost:4000,HTTP/1.0,/userInfo/1,[::1]:64603,
GET,localhost:4000,HTTP/1.0,/userInfo/1,[::1]:64627,
GET,localhost:4000,HTTP/1.0,/userInfo/1,[::1]:64605,
GET,localhost:4000,HTTP/1.0,/userInfo/1,[::1]:64666,
GET,localhost:4000,HTTP/1.0,/userInfo/1,[::1]:64636,
GET,localhost:4000,HTTP/1.0,/userInfo/1,[::1]:64588,
GET,localhost:4000,HTTP/1.0,/userInfo/1,[::1]:64669,
GET,localhost:4000,HTTP/1.0,/userInfo/1,[::1]:64667,
GET,localhost:4000,HTTP/1.0,/userInfo/1,[::1]:64642,
GET,localhost:4000,HTTP/1.0,/userInfo/1,[::1]:64602,
GET,localhost:4000,HTTP/1.0,/userInfo/1,[::1]:64587,
GET,localhost:4000,HTTP/1.0,/userInfo/1,[::1]:64601,
GET,localhost:4000,HTTP/1.0,/userInfo/1,[::1]:64674,
GET,localhost:4000,HTTP/1.0,/userInfo/1,[::1]:64618,
GET,localhost:4000,HTTP/1.0,/userInfo/1,[::1]:64662,
GET,localhost:4000,HTTP/1.0,/userInfo/1,[::1]:64659,
GET,localhost:4000,HTTP/1.0,/userInfo/1,[::1]:64635,
GET,localhost:4000,HTTP/1.0,/userInfo/1,[::1]:64671,
GET,localhost:4000,HTTP/1.0,/userInfo/1,[::1]:64589,
GET,localhost:4000,HTTP/1.0,/userInfo/1,[::1]:64658,
GET,localhost:4000,HTTP/1.0,/userInfo/1,[::1]:64634,
GET,localhost:4000,HTTP/1.0,/userInfo/1,[::1]:64672,
GET,localhost:4000,HTTP/1.0,/userInfo/1,[::1]:64600,
GET,localhost:4000,HTTP/1.0,/userInfo/1,[::1]:64673,
GET,localhost:4000,HTTP/1.0,/userInfo/1,[::1]:64657,
GET,localhost:4000,HTTP/1.0,/userInfo/1,[::1]:64660,
GET,localhost:4000,HTTP/1.0,/userInfo/1,[::1]:64633,
GET,localhost:4000,HTTP/1.0,/userInfo/1,[::1]:64611,
GET,localhost:4000,HTTP/1.0,/userInfo/1,[::1]:64599,
GET,localhost:4000,HTTP/1.0,/userInfo/1,[::1]:64619,
GET,localhost:4000,HTTP/1.0,/userInfo/1,[::1]:64656,
GET,localhost:4000,HTTP/1.0,/userInfo/1,[::1]:64654,
GET,localhost:4000,HTTP/1.0,/userInfo/1,[::1]:64655,
GET,localhost:4000,HTTP/1.0,/userInfo/1,[::1]:64617,
GET,localhost:4000,HTTP/1.0,/userInfo/1,[::1]:64616,
GET,localhost:4000,HTTP/1.0,/userInfo/1,[::1]:64677,
GET,localhost:4000,HTTP/1.0,/userInfo/1,[::1]:64678,
GET,localhost:4000,HTTP/1.0,/userInfo/1,[::1]:64679,
GET,localhost:4000,HTTP/1.0,/userInfo/1,[::1]:64684,
GET,localhost:4000,HTTP/1.0,/userInfo/1,[::1]:64685,
GET,localhost:4000,HTTP/1.0,/userInfo/1,[::1]:64690,
GET,localhost:4000,HTTP/1.0,/userInfo/1,[::1]:64689,
GET,localhost:4000,HTTP/1.0,/userInfo/1,[::1]:64687,
GET,localhost:4000,HTTP/1.0,/userInfo/1,[::1]:64688,
GET,localhost:4000,HTTP/1.0,/userInfo/1,[::1]:64686,
GET,localhost:4000,HTTP/1.0,/userInfo/1,[::1]:64748,
GET,localhost:4000,HTTP/1.0,/userInfo/1,[::1]:64709,
GET,localhost:4000,HTTP/1.0,/userInfo/1,[::1]:64718,
GET,localhost:4000,HTTP/1.0,/userInfo/1,[::1]:64751,
GET,localhost:4000,HTTP/1.0,/userInfo/1,[::1]:64736,
GET,localhost:4000,HTTP/1.0,/userInfo/1,[::1]:64742,
GET,localhost:4000,HTTP/1.0,/userInfo/1,[::1]:64745,
GET,localhost:4000,HTTP/1.0,/userInfo/1,[::1]:64743,
GET,localhost:4000,HTTP/1.0,/userInfo/1,[::1]:64753,
GET,localhost:4000,HTTP/1.0,/userInfo/1,[::1]:64752,
GET,localhost:4000,HTTP/1.0,/userInfo/1,[::1]:64731,
GET,localhost:4000,HTTP/1.0,/userInfo/1,[::1]:64734,
GET,localhost:4000,HTTP/1.0,/userInfo/1,[::1]:64747,
GET,localhost:4000,HTTP/1.0,/userInfo/1,[::1]:64711,
GET,localhost:4000,HTTP/1.0,/userInfo/1,[::1]:64716,
GET,localhost:4000,HTTP/1.0,/userInfo/1,[::1]:64721,
GET,localhost:4000,HTTP/1.0,/userInfo/1,[::1]:64730,
GET,localhost:4000,HTTP/1.0,/userInfo/1,[::1]:64715,
GET,localhost:4000,HTTP/1.0,/userInfo/1,[::1]:64750,
GET,localhost:4000,HTTP/1.0,/userInfo/1,[::1]:64746,
GET,localhost:4000,HTTP/1.0,/userInfo/1,[::1]:64722,
GET,localhost:4000,HTTP/1.0,/userInfo/1,[::1]:64728,
GET,localhost:4000,HTTP/1.0,/userInfo/1,[::1]:64717,
GET,localhost:4000,HTTP/1.0,/userInfo/1,[::1]:64708,
GET,localhost:4000,HTTP/1.0,/userInfo/1,[::1]:64714,
GET,localhost:4000,HTTP/1.0,/userInfo/1,[::1]:64692,
GET,localhost:4000,HTTP/1.0,/userInfo/1,[::1]:64707,
GET,localhost:4000,HTTP/1.0,/userInfo/1,[::1]:64744,
GET,localhost:4000,HTTP/1.0,/userInfo/1,[::1]:64712,
GET,localhost:4000,HTTP/1.0,/userInfo/1,[::1]:64713,
GET,localhost:4000,HTTP/1.0,/userInfo/1,[::1]:64732,
GET,localhost:4000,HTTP/1.0,/userInfo/1,[::1]:64729,
GET,localhost:4000,HTTP/1.0,/userInfo/1,[::1]:64705,
GET,localhost:4000,HTTP/1.0,/userInfo/1,[::1]:64749,
GET,localhost:4000,HTTP/1.0,/userInfo/1,[::1]:64723,
GET,localhost:4000,HTTP/1.0,/userInfo/1,[::1]:64726,
GET,localhost:4000,HTTP/1.0,/userInfo/1,[::1]:64703,
GET,localhost:4000,HTTP/1.0,/userInfo/1,[::1]:64710,
GET,localhost:4000,HTTP/1.0,/userInfo/1,[::1]:64704,
GET,localhost:4000,HTTP/1.0,/userInfo/1,[::1]:64702,
GET,localhost:4000,HTTP/1.0,/userInfo/1,[::1]:64733,
GET,localhost:4000,HTTP/1.0,/userInfo/1,[::1]:64701,
GET,localhost:4000,HTTP/1.0,/userInfo/1,[::1]:64739,
GET,localhost:4000,HTTP/1.0,/userInfo/1,[::1]:64719,
GET,localhost:4000,HTTP/1.0,/userInfo/1,[::1]:64735,
GET,localhost:4000,HTTP/1.0,/userInfo/1,[::1]:64720,
GET,localhost:4000,HTTP/1.0,/userInfo/1,[::1]:64691,
GET,localhost:4000,HTTP/1.0,/userInfo/1,[::1]:64697,
GET,localhost:4000,HTTP/1.0,/userInfo/1,[::1]:64724,
GET,localhost:4000,HTTP/1.0,/userInfo/1,[::1]:64727,
GET,localhost:4000,HTTP/1.0,/userInfo/1,[::1]:64706,
GET,localhost:4000,HTTP/1.0,/userInfo/1,[::1]:64741,
GET,localhost:4000,HTTP/1.0,/userInfo/1,[::1]:64738,
GET,localhost:4000,HTTP/1.0,/userInfo/1,[::1]:64740,
GET,localhost:4000,HTTP/1.0,/userInfo/1,[::1]:64698,
GET,localhost:4000,HTTP/1.0,/userInfo/1,[::1]:64725,
GET,localhost:4000,HTTP/1.0,/userInfo/1,[::1]:64700,
GET,localhost:4000,HTTP/1.0,/userInfo/1,[::1]:64737,
GET,localhost:4000,HTTP/1.0,/userInfo/1,[::1]:64699,
GET,localhost:4000,HTTP/1.0,/userInfo/1,[::1]:64696,
GET,localhost:4000,HTTP/1.0,/userInfo/1,[::1]:64695,
GET,localhost:4000,HTTP/1.0,/userInfo/1,[::1]:64694,
GET,localhost:4000,HTTP/1.0,/userInfo/1,[::1]:64693,
GET,localhost:4000,HTTP/1.0,/userInfo/1,[::1]:64782,
GET,localhost:4000,HTTP/1.0,/userInfo/1,[::1]:64779,
GET,localhost:4000,HTTP/1.0,/userInfo/1,[::1]:64763,
GET,localhost:4000,HTTP/1.0,/userInfo/1,[::1]:64780,
GET,localhost:4000,HTTP/1.0,/userInfo/1,[::1]:64762,
GET,localhost:4000,HTTP/1.0,/userInfo/1,[::1]:64765,
GET,localhost:4000,HTTP/1.0,/userInfo/1,[::1]:64778,
GET,localhost:4000,HTTP/1.0,/userInfo/1,[::1]:64783,
GET,localhost:4000,HTTP/1.0,/userInfo/1,[::1]:64776,
GET,localhost:4000,HTTP/1.0,/userInfo/1,[::1]:64761,
GET,localhost:4000,HTTP/1.0,/userInfo/1,[::1]:64777,
GET,localhost:4000,HTTP/1.0,/userInfo/1,[::1]:64774,
GET,localhost:4000,HTTP/1.0,/userInfo/1,[::1]:64775,
GET,localhost:4000,HTTP/1.0,/userInfo/1,[::1]:64772,
GET,localhost:4000,HTTP/1.0,/userInfo/1,[::1]:64766,
GET,localhost:4000,HTTP/1.0,/userInfo/1,[::1]:64781,
GET,localhost:4000,HTTP/1.0,/userInfo/1,[::1]:64773,
GET,localhost:4000,HTTP/1.0,/userInfo/1,[::1]:64759,
GET,localhost:4000,HTTP/1.0,/userInfo/1,[::1]:64764,
GET,localhost:4000,HTTP/1.0,/userInfo/1,[::1]:64760,
GET,localhost:4000,HTTP/1.0,/userInfo/1,[::1]:64755,
GET,localhost:4000,HTTP/1.0,/userInfo/1,[::1]:64767,
GET,localhost:4000,HTTP/1.0,/userInfo/1,[::1]:64758,
GET,localhost:4000,HTTP/1.0,/userInfo/1,[::1]:64769,
GET,localhost:4000,HTTP/1.0,/userInfo/1,[::1]:64771,
GET,localhost:4000,HTTP/1.0,/userInfo/1,[::1]:64757,
GET,localhost:4000,HTTP/1.0,/userInfo/1,[::1]:64756,
GET,localhost:4000,HTTP/1.0,/userInfo/1,[::1]:64770,
GET,localhost:4000,HTTP/1.0,/userInfo/1,[::1]:64768,
GET,localhost:4000,HTTP/1.0,/userInfo/1,[::1]:64754,
GET,localhost:4000,HTTP/1.0,/userInfo/1,[::1]:64784,
GET,localhost:4000,HTTP/1.0,/userInfo/1,[::1]:64786,
GET,localhost:4000,HTTP/1.0,/userInfo/1,[::1]:64785,
GET,localhost:4000,HTTP/1.0,/userInfo/1,[::1]:64787,
GET,localhost:4000,HTTP/1.0,/userInfo/1,[::1]:64788,
GET,localhost:4000,HTTP/1.0,/userInfo/1,[::1]:64789,
GET,localhost:4000,HTTP/1.0,/userInfo/1,[::1]:64790,
GET,localhost:4000,HTTP/1.0,/userInfo/1,[::1]:64791,
GET,localhost:4000,HTTP/1.0,/userInfo/1,[::1]:64793,
GET,localhost:4000,HTTP/1.0,/userInfo/1,[::1]:64792,
GET,localhost:4000,HTTP/1.0,/userInfo/1,[::1]:64794,
GET,localhost:4000,HTTP/1.0,/userInfo/1,[::1]:64795,
GET,localhost:4000,HTTP/1.0,/userInfo/1,[::1]:64796,
GET,localhost:4000,HTTP/1.0,/userInfo/1,[::1]:64797,
GET,localhost:4000,HTTP/1.0,/userInfo/1,[::1]:64798,
GET,localhost:4000,HTTP/1.0,/userInfo/1,[::1]:64799,
GET,localhost:4000,HTTP/1.0,/userInfo/1,[::1]:64800,
GET,localhost:4000,HTTP/1.0,/userInfo/1,[::1]:64801,
GET,localhost:4000,HTTP/1.0,/userInfo/1,[::1]:64802,
GET,localhost:4000,HTTP/1.0,/userInfo/1,[::1]:64803,
GET,localhost:4000,HTTP/1.0,/userInfo/1,[::1]:64804,
GET,localhost:4000,HTTP/1.0,/userInfo/1,[::1]:64805,
GET,localhost:4000,HTTP/1.0,/userInfo/1,[::1]:64806,
GET,localhost:4000,HTTP/1.0,/userInfo/1,[::1]:64807,
GET,localhost:4000,HTTP/1.0,/userInfo/1,[::1]:64808,
GET,localhost:4000,HTTP/1.0,/userInfo/1,[::1]:64809,
GET,localhost:4000,HTTP/1.0,/userInfo/1,[::1]:64810,
GET,localhost:4000,HTTP/1.0,/userInfo/1,[::1]:64811,
GET,localhost:4000,HTTP/1.0,/userInfo/1,[::1]:64812,
GET,localhost:4000,HTTP/1.0,/userInfo/1,[::1]:64813,
GET,localhost:4000,HTTP/1.0,/userInfo/1,[::1]:64814,
GET,localhost:4000,HTTP/1.0,/userInfo/1,[::1]:64815,
GET,localhost:4000,HTTP/1.0,/userInfo/1,[::1]:64816,
GET,localhost:4000,HTTP/1.0,/userInfo/1,[::1]:64818,
GET,localhost:4000,HTTP/1.0,/userInfo/1,[::1]:64817,
GET,localhost:4000,HTTP/1.0,/userInfo/1,[::1]:64819,
GET,localhost:4000,HTTP/1.0,/userInfo/1,[::1]:64820,
GET,localhost:4000,HTTP/1.0,/userInfo/1,[::1]:64821,
GET,localhost:4000,HTTP/1.0,/userInfo/1,[::1]:64822,
GET,localhost:4000,HTTP/1.0,/userInfo/1,[::1]:64823,
GET,localhost:4000,HTTP/1.0,/userInfo/1,[::1]:64824,
GET,localhost:4000,HTTP/1.0,/userInfo/1,[::1]:64825,
GET,localhost:4000,HTTP/1.0,/userInfo/1,[::1]:64826,
GET,localhost:4000,HTTP/1.0,/userInfo/1,[::1]:64827,
GET,localhost:4000,HTTP/1.0,/userInfo/1,[::1]:64828,
GET,localhost:4000,HTTP/1.0,/userInfo/1,[::1]:64829,
GET,localhost:4000,HTTP/1.0,/userInfo/1,[::1]:64830,
GET,localhost:4000,HTTP/1.0,/userInfo/1,[::1]:64831,
GET,localhost:4000,HTTP/1.0,/userInfo/1,[::1]:64832,
GET,localhost:4000,HTTP/1.0,/userInfo/1,[::1]:64833,
GET,localhost:4000,HTTP/1.0,/userInfo/1,[::1]:64834,
GET,localhost:4000,HTTP/1.0,/userInfo/1,[::1]:64835,
GET,localhost:4000,HTTP/1.0,/userInfo/1,[::1]:64836,
GET,localhost:4000,HTTP/1.0,/userInfo/1,[::1]:64837,
GET,localhost:4000,HTTP/1.0,/userInfo/1,[::1]:64838,
GET,localhost:4000,HTTP/1.0,/userInfo/1,[::1]:64839,
GET,localhost:4000,HTTP/1.0,/userInfo/1,[::1]:64840,
GET,localhost:4000,HTTP/1.0,/userInfo/1,[::1]:64841,
GET,localhost:4000,HTTP/1.0,/userInfo/1,[::1]:64842,
GET,localhost:4000,HTTP/1.0,/userInfo/1,[::1]:64843,
GET,localhost:4000,HTTP/1.0,/userInfo/1,[::1]:64844,
GET,localhost:4000,HTTP/1.0,/userInfo/1,[::1]:64845,
GET,localhost:4000,HTTP/1.0,/userInfo/1,[::1]:64846,
GET,localhost:4000,HTTP/1.0,/userInfo/1,[::1]:64847,
GET,localhost:4000,HTTP/1.0,/userInfo/1,[::1]:64848,
GET,localhost:4000,HTTP/1.0,/userInfo/1,[::1]:64849,
GET,localhost:4000,HTTP/1.0,/userInfo/1,[::1]:64850,
GET,localhost:4000,HTTP/1.0,/userInfo/1,[::1]:64851,
GET,localhost:4000,HTTP/1.0,/userInfo/1,[::1]:64852,
GET,localhost:4000,HTTP/1.0,/userInfo/1,[::1]:64853,
GET,localhost:4000,HTTP/1.0,/userInfo/1,[::1]:64854,
GET,localhost:4000,HTTP/1.0,/userInfo/1,[::1]:64855,
GET,localhost:4000,HTTP/1.0,/userInfo/1,[::1]:64856,
GET,localhost:4000,HTTP/1.0,/userInfo/1,[::1]:64857,
GET,localhost:4000,HTTP/1.0,/userInfo/1,[::1]:64858,
GET,localhost:4000,HTTP/1.0,/userInfo/1,[::1]:64859,
GET,localhost:4000,HTTP/1.0,/userInfo/1,[::1]:64860,
GET,localhost:4000,HTTP/1.0,/userInfo/1,[::1]:64861,
GET,localhost:4000,HTTP/1.0,/userInfo/1,[::1]:64862,
GET,localhost:4000,HTTP/1.0,/userInfo/1,[::1]:64863,
GET,localhost:4000,HTTP/1.0,/userInfo/1,[::1]:64864,
GET,localhost:4000,HTTP/1.0,/userInfo/1,[::1]:64865,
GET,localhost:4000,HTTP/1.0,/userInfo/1,[::1]:64866,
GET,localhost:4000,HTTP/1.0,/userInfo/1,[::1]:64867,
GET,localhost:4000,HTTP/1.0,/userInfo/1,[::1]:64868,
GET,localhost:4000,HTTP/1.0,/userInfo/1,[::1]:64869,
GET,localhost:4000,HTTP/1.0,/userInfo/1,[::1]:64870,
GET,localhost:4000,HTTP/1.0,/userInfo/1,[::1]:64871,
GET,localhost:4000,HTTP/1.0,/userInfo/1,[::1]:64872,
GET,localhost:4000,HTTP/1.0,/userInfo/1,[::1]:64873,
GET,localhost:4000,HTTP/1.0,/userInfo/1,[::1]:64874,
GET,localhost:4000,HTTP/1.0,/userInfo/1,[::1]:64875,
GET,localhost:4000,HTTP/1.0,/userInfo/1,[::1]:64876,
GET,localhost:4000,HTTP/1.0,/userInfo/1,[::1]:64877,
GET,localhost:4000,HTTP/1.0,/userInfo/1,[::1]:64878,
GET,localhost:4000,HTTP/1.0,/userInfo/1,[::1]:64879,
GET,localhost:4000,HTTP/1.0,/userInfo/1,[::1]:64880,
GET,localhost:4000,HTTP/1.0,/userInfo/1,[::1]:64881,
GET,localhost:4000,HTTP/1.0,/userInfo/1,[::1]:64883,
GET,localhost:4000,HTTP/1.0,/userInfo/1,[::1]:64882,
GET,localhost:4000,HTTP/1.0,/userInfo/1,[::1]:64916,
GET,localhost:4000,HTTP/1.0,/userInfo/1,[::1]:64921,
GET,localhost:4000,HTTP/1.0,/userInfo/1,[::1]:64920,
GET,localhost:4000,HTTP/1.0,/userInfo/1,[::1]:64919,
GET,localhost:4000,HTTP/1.0,/userInfo/1,[::1]:64924,
GET,localhost:4000,HTTP/1.0,/userInfo/1,[::1]:64922,
GET,localhost:4000,HTTP/1.0,/userInfo/1,[::1]:64918,
GET,localhost:4000,HTTP/1.0,/userInfo/1,[::1]:64923,
GET,localhost:4000,HTTP/1.0,/userInfo/1,[::1]:64917,
GET,localhost:4000,HTTP/1.0,/userInfo/1,[::1]:64997,
GET,localhost:4000,HTTP/1.0,/userInfo/1,[::1]:64998,
GET,localhost:4000,HTTP/1.0,/userInfo/1,[::1]:64956,
GET,localhost:4000,HTTP/1.0,/userInfo/1,[::1]:64968,
GET,localhost:4000,HTTP/1.0,/userInfo/1,[::1]:64952,
GET,localhost:4000,HTTP/1.0,/userInfo/1,[::1]:64966,
GET,localhost:4000,HTTP/1.0,/userInfo/1,[::1]:64951,
GET,localhost:4000,HTTP/1.0,/userInfo/1,[::1]:64936,
GET,localhost:4000,HTTP/1.0,/userInfo/1,[::1]:64946,
GET,localhost:4000,HTTP/1.0,/userInfo/1,[::1]:64944,
GET,localhost:4000,HTTP/1.0,/userInfo/1,[::1]:64965,
GET,localhost:4000,HTTP/1.0,/userInfo/1,[::1]:64953,
GET,localhost:4000,HTTP/1.0,/userInfo/1,[::1]:64963,
GET,localhost:4000,HTTP/1.0,/userInfo/1,[::1]:64937,
GET,localhost:4000,HTTP/1.0,/userInfo/1,[::1]:64960,
GET,localhost:4000,HTTP/1.0,/userInfo/1,[::1]:64986,
GET,localhost:4000,HTTP/1.0,/userInfo/1,[::1]:64938,
GET,localhost:4000,HTTP/1.0,/userInfo/1,[::1]:64950,
GET,localhost:4000,HTTP/1.0,/userInfo/1,[::1]:64949,
GET,localhost:4000,HTTP/1.0,/userInfo/1,[::1]:64984,
GET,localhost:4000,HTTP/1.0,/userInfo/1,[::1]:64969,
GET,localhost:4000,HTTP/1.0,/userInfo/1,[::1]:64979,
GET,localhost:4000,HTTP/1.0,/userInfo/1,[::1]:64932,
GET,localhost:4000,HTTP/1.0,/userInfo/1,[::1]:64941,
GET,localhost:4000,HTTP/1.0,/userInfo/1,[::1]:64948,
GET,localhost:4000,HTTP/1.0,/userInfo/1,[::1]:64964,
GET,localhost:4000,HTTP/1.0,/userInfo/1,[::1]:64977,
GET,localhost:4000,HTTP/1.0,/userInfo/1,[::1]:64935,
GET,localhost:4000,HTTP/1.0,/userInfo/1,[::1]:64967,
GET,localhost:4000,HTTP/1.0,/userInfo/1,[::1]:64954,
GET,localhost:4000,HTTP/1.0,/userInfo/1,[::1]:64931,
GET,localhost:4000,HTTP/1.0,/userInfo/1,[::1]:64974,
GET,localhost:4000,HTTP/1.0,/userInfo/1,[::1]:64982,
GET,localhost:4000,HTTP/1.0,/userInfo/1,[::1]:64925,
GET,localhost:4000,HTTP/1.0,/userInfo/1,[::1]:64980,
GET,localhost:4000,HTTP/1.0,/userInfo/1,[::1]:64959,
GET,localhost:4000,HTTP/1.0,/userInfo/1,[::1]:64962,
GET,localhost:4000,HTTP/1.0,/userInfo/1,[::1]:64945,
GET,localhost:4000,HTTP/1.0,/userInfo/1,[::1]:64981,
GET,localhost:4000,HTTP/1.0,/userInfo/1,[::1]:64961,
GET,localhost:4000,HTTP/1.0,/userInfo/1,[::1]:64973,
GET,localhost:4000,HTTP/1.0,/userInfo/1,[::1]:64940,
GET,localhost:4000,HTTP/1.0,/userInfo/1,[::1]:64976,
GET,localhost:4000,HTTP/1.0,/userInfo/1,[::1]:64934,
GET,localhost:4000,HTTP/1.0,/userInfo/1,[::1]:64943,
GET,localhost:4000,HTTP/1.0,/userInfo/1,[::1]:64985,
GET,localhost:4000,HTTP/1.0,/userInfo/1,[::1]:64983,
GET,localhost:4000,HTTP/1.0,/userInfo/1,[::1]:64955,
GET,localhost:4000,HTTP/1.0,/userInfo/1,[::1]:64926,
GET,localhost:4000,HTTP/1.0,/userInfo/1,[::1]:64947,
GET,localhost:4000,HTTP/1.0,/userInfo/1,[::1]:64957,
GET,localhost:4000,HTTP/1.0,/userInfo/1,[::1]:64978,
GET,localhost:4000,HTTP/1.0,/userInfo/1,[::1]:64975,
GET,localhost:4000,HTTP/1.0,/userInfo/1,[::1]:64942,
GET,localhost:4000,HTTP/1.0,/userInfo/1,[::1]:64958,
GET,localhost:4000,HTTP/1.0,/userInfo/1,[::1]:64972,
GET,localhost:4000,HTTP/1.0,/userInfo/1,[::1]:64939,
GET,localhost:4000,HTTP/1.0,/userInfo/1,[::1]:64930,
GET,localhost:4000,HTTP/1.0,/userInfo/1,[::1]:64933,
GET,localhost:4000,HTTP/1.0,/userInfo/1,[::1]:64971,
GET,localhost:4000,HTTP/1.0,/userInfo/1,[::1]:64928,
GET,localhost:4000,HTTP/1.0,/userInfo/1,[::1]:64970,
GET,localhost:4000,HTTP/1.0,/userInfo/1,[::1]:64929,
GET,localhost:4000,HTTP/1.0,/userInfo/1,[::1]:64927,
GET,localhost:4000,HTTP/1.0,/userInfo/1,[::1]:64999,
GET,localhost:4000,HTTP/1.0,/userInfo/1,[::1]:64996,
GET,localhost:4000,HTTP/1.0,/userInfo/1,[::1]:64989,
GET,localhost:4000,HTTP/1.0,/userInfo/1,[::1]:64993,
GET,localhost:4000,HTTP/1.0,/userInfo/1,[::1]:64995,
GET,localhost:4000,HTTP/1.0,/userInfo/1,[::1]:64988,
GET,localhost:4000,HTTP/1.0,/userInfo/1,[::1]:64987,
GET,localhost:4000,HTTP/1.0,/userInfo/1,[::1]:64990,
GET,localhost:4000,HTTP/1.0,/userInfo/1,[::1]:64994,
GET,localhost:4000,HTTP/1.0,/userInfo/1,[::1]:64991,
GET,localhost:4000,HTTP/1.0,/userInfo/1,[::1]:64992,
GET,localhost:4000,HTTP/1.0,/userInfo/1,[::1]:65000,
GET,localhost:4000,HTTP/1.0,/userInfo/1,[::1]:65001,
GET,localhost:4000,HTTP/1.0,/userInfo/1,[::1]:65002,
GET,localhost:4000,HTTP/1.0,/userInfo/1,[::1]:65003,
GET,localhost:4000,HTTP/1.0,/userInfo/1,[::1]:65004,
GET,localhost:4000,HTTP/1.0,/userInfo/1,[::1]:65006,
GET,localhost:4000,HTTP/1.0,/userInfo/1,[::1]:65005,
GET,localhost:4000,HTTP/1.0,/userInfo/1,[::1]:65007,
GET,localhost:4000,HTTP/1.0,/userInfo/1,[::1]:65008,
GET,localhost:4000,HTTP/1.0,/userInfo/1,[::1]:65009,
GET,localhost:4000,HTTP/1.0,/userInfo/1,[::1]:65010,
GET,localhost:4000,HTTP/1.0,/userInfo/1,[::1]:65011,
GET,localhost:4000,HTTP/1.0,/userInfo/1,[::1]:65012,
GET,localhost:4000,HTTP/1.0,/userInfo/1,[::1]:65013,
GET,localhost:4000,HTTP/1.0,/userInfo/1,[::1]:65015,
GET,localhost:4000,HTTP/1.0,/userInfo/1,[::1]:65014,
GET,localhost:4000,HTTP/1.0,/userInfo/1,[::1]:65016,
GET,localhost:4000,HTTP/1.0,/userInfo/1,[::1]:65017,
GET,localhost:4000,HTTP/1.0,/userInfo/1,[::1]:65018,
GET,localhost:4000,HTTP/1.0,/userInfo/1,[::1]:65019,
GET,localhost:4000,HTTP/1.0,/userInfo/1,[::1]:65020,
GET,localhost:4000,HTTP/1.0,/userInfo/1,[::1]:65021,
GET,localhost:4000,HTTP/1.0,/userInfo/1,[::1]:65022,
GET,localhost:4000,HTTP/1.0,/userInfo/1,[::1]:65024,
GET,localhost:4000,HTTP/1.0,/userInfo/1,[::1]:65023,
GET,localhost:4000,HTTP/1.0,/userInfo/1,[::1]:65025,
GET,localhost:4000,HTTP/1.0,/userInfo/1,[::1]:65026,
GET,localhost:4000,HTTP/1.0,/userInfo/1,[::1]:65027,
GET,localhost:4000,HTTP/1.0,/userInfo/1,[::1]:65028,
GET,localhost:4000,HTTP/1.0,/userInfo/1,[::1]:65029,
GET,localhost:4000,HTTP/1.0,/userInfo/1,[::1]:65030,
GET,localhost:4000,HTTP/1.0,/userInfo/1,[::1]:65031,
GET,localhost:4000,HTTP/1.0,/userInfo/1,[::1]:65032,
GET,localhost:4000,HTTP/1.0,/userInfo/1,[::1]:65033,
GET,localhost:4000,HTTP/1.0,/userInfo/1,[::1]:65034,
GET,localhost:4000,HTTP/1.0,/userInfo/1,[::1]:65035,
GET,localhost:4000,HTTP/1.0,/userInfo/1,[::1]:65036,
GET,localhost:4000,HTTP/1.0,/userInfo/1,[::1]:65037,
GET,localhost:4000,HTTP/1.0,/userInfo/1,[::1]:65038,
GET,localhost:4000,HTTP/1.0,/userInfo/1,[::1]:65039,
GET,localhost:4000,HTTP/1.0,/userInfo/1,[::1]:65040,
GET,localhost:4000,HTTP/1.0,/userInfo/1,[::1]:65041,
GET,localhost:4000,HTTP/1.0,/userInfo/1,[::1]:65042,
GET,localhost:4000,HTTP/1.0,/userInfo/1,[::1]:65044,
GET,localhost:4000,HTTP/1.0,/userInfo/1,[::1]:65043,
GET,localhost:4000,HTTP/1.0,/userInfo/1,[::1]:65045,
GET,localhost:4000,HTTP/1.0,/userInfo/1,[::1]:65046,
GET,localhost:4000,HTTP/1.0,/userInfo/1,[::1]:65047,
GET,localhost:4000,HTTP/1.0,/userInfo/1,[::1]:65048,
GET,localhost:4000,HTTP/1.0,/userInfo/1,[::1]:65049,
GET,localhost:4000,HTTP/1.0,/userInfo/1,[::1]:65050,
GET,localhost:4000,HTTP/1.0,/userInfo/1,[::1]:65051,
GET,localhost:4000,HTTP/1.0,/userInfo/1,[::1]:65052,
GET,localhost:4000,HTTP/1.0,/userInfo/1,[::1]:65053,
GET,localhost:4000,HTTP/1.0,/userInfo/1,[::1]:65054,
GET,localhost:4000,HTTP/1.0,/userInfo/1,[::1]:65055,
GET,localhost:4000,HTTP/1.0,/userInfo/1,[::1]:65056,
GET,localhost:4000,HTTP/1.0,/userInfo/1,[::1]:65057,
GET,localhost:4000,HTTP/1.0,/userInfo/1,[::1]:65058,
GET,localhost:4000,HTTP/1.0,/userInfo/1,[::1]:65059,
GET,localhost:4000,HTTP/1.0,/userInfo/1,[::1]:65060,
GET,localhost:4000,HTTP/1.0,/userInfo/1,[::1]:65061,
GET,localhost:4000,HTTP/1.0,/userInfo/1,[::1]:65062,
GET,localhost:4000,HTTP/1.0,/userInfo/1,[::1]:65063,
GET,localhost:4000,HTTP/1.0,/userInfo/1,[::1]:65064,
GET,localhost:4000,HTTP/1.0,/userInfo/1,[::1]:65065,
GET,localhost:4000,HTTP/1.0,/userInfo/1,[::1]:65066,
GET,localhost:4000,HTTP/1.0,/userInfo/1,[::1]:65067,
GET,localhost:4000,HTTP/1.0,/userInfo/1,[::1]:65068,
GET,localhost:4000,HTTP/1.0,/userInfo/1,[::1]:65069,
GET,localhost:4000,HTTP/1.0,/userInfo/1,[::1]:65070,
GET,localhost:4000,HTTP/1.0,/userInfo/1,[::1]:65071,
GET,localhost:4000,HTTP/1.0,/userInfo/1,[::1]:65072,
GET,localhost:4000,HTTP/1.0,/userInfo/1,[::1]:65073,
GET,localhost:4000,HTTP/1.0,/userInfo/1,[::1]:65074,
GET,localhost:4000,HTTP/1.0,/userInfo/1,[::1]:65075,
GET,localhost:4000,HTTP/1.0,/userInfo/1,[::1]:65076,
GET,localhost:4000,HTTP/1.0,/userInfo/1,[::1]:65077,
GET,localhost:4000,HTTP/1.0,/userInfo/1,[::1]:65078,
GET,localhost:4000,HTTP/1.0,/userInfo/1,[::1]:65079,
GET,localhost:4000,HTTP/1.0,/userInfo/1,[::1]:65081,
GET,localhost:4000,HTTP/1.0,/userInfo/1,[::1]:65082,
GET,localhost:4000,HTTP/1.0,/userInfo/1,[::1]:65080,
GET,localhost:4000,HTTP/1.0,/userInfo/1,[::1]:65084,
GET,localhost:4000,HTTP/1.0,/userInfo/1,[::1]:65085,
GET,localhost:4000,HTTP/1.0,/userInfo/1,[::1]:65083,
GET,localhost:4000,HTTP/1.0,/userInfo/1,[::1]:65086,
GET,localhost:4000,HTTP/1.0,/userInfo/1,[::1]:65087,
GET,localhost:4000,HTTP/1.0,/userInfo/1,[::1]:65088,
GET,localhost:4000,HTTP/1.0,/userInfo/1,[::1]:65089,
GET,localhost:4000,HTTP/1.0,/userInfo/1,[::1]:65090,
GET,localhost:4000,HTTP/1.0,/userInfo/1,[::1]:65092,
GET,localhost:4000,HTTP/1.0,/userInfo/1,[::1]:65091,
GET,localhost:4000,HTTP/1.0,/userInfo/1,[::1]:65094,
GET,localhost:4000,HTTP/1.0,/userInfo/1,[::1]:65093,
GET,localhost:4000,HTTP/1.0,/userInfo/1,[::1]:65095,
GET,localhost:4000,HTTP/1.0,/userInfo/1,[::1]:65096,
GET,localhost:4000,HTTP/1.0,/userInfo/1,[::1]:65098,
GET,localhost:4000,HTTP/1.0,/userInfo/1,[::1]:65099,
GET,localhost:4000,HTTP/1.0,/userInfo/1,[::1]:65097,
GET,localhost:4000,HTTP/1.0,/userInfo/1,[::1]:65100,
GET,localhost:4000,HTTP/1.0,/userInfo/1,[::1]:65101,
GET,localhost:4000,HTTP/1.0,/userInfo/1,[::1]:65102,
GET,localhost:4000,HTTP/1.0,/userInfo/1,[::1]:65103,
GET,localhost:4000,HTTP/1.0,/userInfo/1,[::1]:65104,
GET,localhost:4000,HTTP/1.0,/userInfo/1,[::1]:65105,
GET,localhost:4000,HTTP/1.0,/userInfo/1,[::1]:65107,
GET,localhost:4000,HTTP/1.0,/userInfo/1,[::1]:65106,
GET,localhost:4000,HTTP/1.0,/userInfo/1,[::1]:65108,
GET,localhost:4000,HTTP/1.0,/userInfo/1,[::1]:65109,
GET,localhost:4000,HTTP/1.0,/userInfo/1,[::1]:65110,
GET,localhost:4000,HTTP/1.0,/userInfo/1,[::1]:65111,
GET,localhost:4000,HTTP/1.0,/userInfo/1,[::1]:65115,
GET,localhost:4000,HTTP/1.0,/userInfo/1,[::1]:65113,
GET,localhost:4000,HTTP/1.0,/userInfo/1,[::1]:65112,
GET,localhost:4000,HTTP/1.0,/userInfo/1,[::1]:65116,
GET,localhost:4000,HTTP/1.0,/userInfo/1,[::1]:65117,
GET,localhost:4000,HTTP/1.0,/userInfo/1,[::1]:65118,
GET,localhost:4000,HTTP/1.0,/userInfo/1,[::1]:65119,
GET,localhost:4000,HTTP/1.0,/userInfo/1,[::1]:65120,
GET,localhost:4000,HTTP/1.0,/userInfo/1,[::1]:65121,
GET,localhost:4000,HTTP/1.0,/userInfo/1,[::1]:65123,
GET,localhost:4000,HTTP/1.0,/userInfo/1,[::1]:65122,
GET,localhost:4000,HTTP/1.0,/userInfo/1,[::1]:65124,
GET,localhost:4000,HTTP/1.0,/userInfo/1,[::1]:65125,
GET,localhost:4000,HTTP/1.0,/userInfo/1,[::1]:65126,
GET,localhost:4000,HTTP/1.0,/userInfo/1,[::1]:65127,
GET,localhost:4000,HTTP/1.0,/userInfo/1,[::1]:65128,
GET,localhost:4000,HTTP/1.0,/userInfo/1,[::1]:65131,
GET,localhost:4000,HTTP/1.0,/userInfo/1,[::1]:65129,
GET,localhost:4000,HTTP/1.0,/userInfo/1,[::1]:65130,
GET,localhost:4000,HTTP/1.0,/userInfo/1,[::1]:65132,
GET,localhost:4000,HTTP/1.0,/userInfo/1,[::1]:65133,
GET,localhost:4000,HTTP/1.0,/userInfo/1,[::1]:65134,
GET,localhost:4000,HTTP/1.0,/userInfo/1,[::1]:65136,
GET,localhost:4000,HTTP/1.0,/userInfo/1,[::1]:65137,
GET,localhost:4000,HTTP/1.0,/userInfo/1,[::1]:65140,
GET,localhost:4000,HTTP/1.0,/userInfo/1,[::1]:65139,
GET,localhost:4000,HTTP/1.0,/userInfo/1,[::1]:65141,
GET,localhost:4000,HTTP/1.0,/userInfo/1,[::1]:65142,
GET,localhost:4000,HTTP/1.0,/userInfo/1,[::1]:65143,
GET,localhost:4000,HTTP/1.0,/userInfo/1,[::1]:65144,
GET,localhost:4000,HTTP/1.0,/userInfo/1,[::1]:65145,
GET,localhost:4000,HTTP/1.0,/userInfo/1,[::1]:65146,
GET,localhost:4000,HTTP/1.0,/userInfo/1,[::1]:65147,
GET,localhost:4000,HTTP/1.0,/userInfo/1,[::1]:65148,
GET,localhost:4000,HTTP/1.0,/userInfo/1,[::1]:65149,
GET,localhost:4000,HTTP/1.0,/userInfo/1,[::1]:65150,
GET,localhost:4000,HTTP/1.0,/userInfo/1,[::1]:65152,
GET,localhost:4000,HTTP/1.0,/userInfo/1,[::1]:65153,
GET,localhost:4000,HTTP/1.0,/userInfo/1,[::1]:65151,
GET,localhost:4000,HTTP/1.0,/userInfo/1,[::1]:65154,
GET,localhost:4000,HTTP/1.0,/userInfo/1,[::1]:65155,
GET,localhost:4000,HTTP/1.0,/userInfo/1,[::1]:65156,
GET,localhost:4000,HTTP/1.0,/userInfo/1,[::1]:65157,
GET,localhost:4000,HTTP/1.0,/userInfo/1,[::1]:65158,
GET,localhost:4000,HTTP/1.0,/userInfo/1,[::1]:65159,
GET,localhost:4000,HTTP/1.0,/userInfo/1,[::1]:65160,
GET,localhost:4000,HTTP/1.0,/userInfo/1,[::1]:65161,
GET,localhost:4000,HTTP/1.0,/userInfo/1,[::1]:65163,
GET,localhost:4000,HTTP/1.0,/userInfo/1,[::1]:65162,
GET,localhost:4000,HTTP/1.0,/userInfo/1,[::1]:65164,
GET,localhost:4000,HTTP/1.0,/userInfo/1,[::1]:65166,
GET,localhost:4000,HTTP/1.0,/userInfo/1,[::1]:65167,
GET,localhost:4000,HTTP/1.0,/userInfo/1,[::1]:65165,
GET,localhost:4000,HTTP/1.0,/userInfo/1,[::1]:65169,
GET,localhost:4000,HTTP/1.0,/userInfo/1,[::1]:65168,
GET,localhost:4000,HTTP/1.0,/userInfo/1,[::1]:65170,
GET,localhost:4000,HTTP/1.0,/userInfo/1,[::1]:65171,
GET,localhost:4000,HTTP/1.0,/userInfo/1,[::1]:65172,
GET,localhost:4000,HTTP/1.0,/userInfo/1,[::1]:65173,
GET,localhost:4000,HTTP/1.0,/userInfo/1,[::1]:65174,
GET,localhost:4000,HTTP/1.0,/userInfo/1,[::1]:65175,
GET,localhost:4000,HTTP/1.0,/userInfo/1,[::1]:65176,
GET,localhost:4000,HTTP/1.0,/userInfo/1,[::1]:65177,
GET,localhost:4000,HTTP/1.0,/userInfo/1,[::1]:65178,
GET,localhost:4000,HTTP/1.0,/userInfo/1,[::1]:65180,
GET,localhost:4000,HTTP/1.0,/userInfo/1,[::1]:65179,
GET,localhost:4000,HTTP/1.0,/userInfo/1,[::1]:65181,
GET,localhost:4000,HTTP/1.0,/userInfo/1,[::1]:65182,
GET,localhost:4000,HTTP/1.0,/userInfo/1,[::1]:65183,
GET,localhost:4000,HTTP/1.0,/userInfo/1,[::1]:65184,
GET,localhost:4000,HTTP/1.0,/userInfo/1,[::1]:65185,
GET,localhost:4000,HTTP/1.0,/userInfo/1,[::1]:65186,
GET,localhost:4000,HTTP/1.0,/userInfo/1,[::1]:65187,
GET,localhost:4000,HTTP/1.0,/userInfo/1,[::1]:65188,
GET,localhost:4000,HTTP/1.0,/userInfo/1,[::1]:65189,
GET,localhost:4000,HTTP/1.0,/userInfo/1,[::1]:65190,
GET,localhost:4000,HTTP/1.0,/userInfo/1,[::1]:65191,
GET,localhost:4000,HTTP/1.0,/userInfo/1,[::1]:65192,
GET,localhost:4000,HTTP/1.0,/userInfo/1,[::1]:65193,
GET,localhost:4000,HTTP/1.0,/userInfo/1,[::1]:65194,
GET,localhost:4000,HTTP/1.0,/userInfo/1,[::1]:65195,
GET,localhost:4000,HTTP/1.0,/userInfo/1,[::1]:65196,
GET,localhost:4000,HTTP/1.0,/userInfo/1,[::1]:65197,
GET,localhost:4000,HTTP/1.0,/userInfo/1,[::1]:65198,
GET,localhost:4000,HTTP/1.0,/userInfo/1,[::1]:65199,
GET,localhost:4000,HTTP/1.0,/userInfo/1,[::1]:65200,
GET,localhost:4000,HTTP/1.0,/userInfo/1,[::1]:65201,
GET,localhost:4000,HTTP/1.0,/userInfo/1,[::1]:65202,
GET,localhost:4000,HTTP/1.0,/userInfo/1,[::1]:65203,
GET,localhost:4000,HTTP/1.0,/userInfo/1,[::1]:65204,
GET,localhost:4000,HTTP/1.0,/userInfo/1,[::1]:65205,
GET,localhost:4000,HTTP/1.0,/userInfo/1,[::1]:65206,
GET,localhost:4000,HTTP/1.0,/userInfo/1,[::1]:65207,
GET,localhost:4000,HTTP/1.0,/userInfo/1,[::1]:65208,
GET,localhost:4000,HTTP/1.0,/userInfo/1,[::1]:65209,
GET,localhost:4000,HTTP/1.0,/userInfo/1,[::1]:65210,
GET,localhost:4000,HTTP/1.0,/userInfo/1,[::1]:65212,
GET,localhost:4000,HTTP/1.0,/userInfo/1,[::1]:65211,
GET,localhost:4000,HTTP/1.0,/userInfo/1,[::1]:65213,
GET,localhost:4000,HTTP/1.0,/userInfo/1,[::1]:65214,
GET,localhost:4000,HTTP/1.0,/userInfo/1,[::1]:65217,
GET,localhost:4000,HTTP/1.0,/userInfo/1,[::1]:65216,
GET,localhost:4000,HTTP/1.0,/userInfo/1,[::1]:65215,
GET,localhost:4000,HTTP/1.0,/userInfo/1,[::1]:65218,
GET,localhost:4000,HTTP/1.0,/userInfo/1,[::1]:65377,
GET,localhost:4000,HTTP/1.0,/userInfo/1,[::1]:65379,
GET,localhost:4000,HTTP/1.0,/userInfo/1,[::1]:65378,
GET,localhost:4000,HTTP/1.0,/userInfo/1,[::1]:65390,
GET,localhost:4000,HTTP/1.0,/userInfo/1,[::1]:65381,
GET,localhost:4000,HTTP/1.0,/userInfo/1,[::1]:65389,
GET,localhost:4000,HTTP/1.0,/userInfo/1,[::1]:65380,
GET,localhost:4000,HTTP/1.0,/userInfo/1,[::1]:65382,
GET,localhost:4000,HTTP/1.0,/userInfo/1,[::1]:65388,
GET,localhost:4000,HTTP/1.0,/userInfo/1,[::1]:65384,
GET,localhost:4000,HTTP/1.0,/userInfo/1,[::1]:65387,
GET,localhost:4000,HTTP/1.0,/userInfo/1,[::1]:65385,
GET,localhost:4000,HTTP/1.0,/userInfo/1,[::1]:65383,
GET,localhost:4000,HTTP/1.0,/userInfo/1,[::1]:65386,
GET,localhost:4000,HTTP/1.0,/userInfo/1,[::1]:65425,
GET,localhost:4000,HTTP/1.0,/userInfo/1,[::1]:65422,
GET,localhost:4000,HTTP/1.0,/userInfo/1,[::1]:65452,
GET,localhost:4000,HTTP/1.0,/userInfo/1,[::1]:65411,
GET,localhost:4000,HTTP/1.0,/userInfo/1,[::1]:65457,
GET,localhost:4000,HTTP/1.0,/userInfo/1,[::1]:65463,
GET,localhost:4000,HTTP/1.0,/userInfo/1,[::1]:65427,
GET,localhost:4000,HTTP/1.0,/userInfo/1,[::1]:65419,
GET,localhost:4000,HTTP/1.0,/userInfo/1,[::1]:65441,
GET,localhost:4000,HTTP/1.0,/userInfo/1,[::1]:65409,
GET,localhost:4000,HTTP/1.0,/userInfo/1,[::1]:65421,
GET,localhost:4000,HTTP/1.0,/userInfo/1,[::1]:65406,
GET,localhost:4000,HTTP/1.0,/userInfo/1,[::1]:65438,
GET,localhost:4000,HTTP/1.0,/userInfo/1,[::1]:65413,
GET,localhost:4000,HTTP/1.0,/userInfo/1,[::1]:65414,
GET,localhost:4000,HTTP/1.0,/userInfo/1,[::1]:65423,
GET,localhost:4000,HTTP/1.0,/userInfo/1,[::1]:65460,
GET,localhost:4000,HTTP/1.0,/userInfo/1,[::1]:65410,
GET,localhost:4000,HTTP/1.0,/userInfo/1,[::1]:65407,
GET,localhost:4000,HTTP/1.0,/userInfo/1,[::1]:65448,
GET,localhost:4000,HTTP/1.0,/userInfo/1,[::1]:65418,
GET,localhost:4000,HTTP/1.0,/userInfo/1,[::1]:65434,
GET,localhost:4000,HTTP/1.0,/userInfo/1,[::1]:65450,
GET,localhost:4000,HTTP/1.0,/userInfo/1,[::1]:65408,
GET,localhost:4000,HTTP/1.0,/userInfo/1,[::1]:65435,
GET,localhost:4000,HTTP/1.0,/userInfo/1,[::1]:65416,
GET,localhost:4000,HTTP/1.0,/userInfo/1,[::1]:65431,
GET,localhost:4000,HTTP/1.0,/userInfo/1,[::1]:65417,
GET,localhost:4000,HTTP/1.0,/userInfo/1,[::1]:65415,
GET,localhost:4000,HTTP/1.0,/userInfo/1,[::1]:65424,
GET,localhost:4000,HTTP/1.0,/userInfo/1,[::1]:65445,
GET,localhost:4000,HTTP/1.0,/userInfo/1,[::1]:65412,
GET,localhost:4000,HTTP/1.0,/userInfo/1,[::1]:65446,
GET,localhost:4000,HTTP/1.0,/userInfo/1,[::1]:65437,
GET,localhost:4000,HTTP/1.0,/userInfo/1,[::1]:65449,
GET,localhost:4000,HTTP/1.0,/userInfo/1,[::1]:65454,
GET,localhost:4000,HTTP/1.0,/userInfo/1,[::1]:65405,
GET,localhost:4000,HTTP/1.0,/userInfo/1,[::1]:65432,
GET,localhost:4000,HTTP/1.0,/userInfo/1,[::1]:65461,
GET,localhost:4000,HTTP/1.0,/userInfo/1,[::1]:65395,
GET,localhost:4000,HTTP/1.0,/userInfo/1,[::1]:65429,
GET,localhost:4000,HTTP/1.0,/userInfo/1,[::1]:65451,
GET,localhost:4000,HTTP/1.0,/userInfo/1,[::1]:65456,
GET,localhost:4000,HTTP/1.0,/userInfo/1,[::1]:65392,
GET,localhost:4000,HTTP/1.0,/userInfo/1,[::1]:65433,
GET,localhost:4000,HTTP/1.0,/userInfo/1,[::1]:65393,
GET,localhost:4000,HTTP/1.0,/userInfo/1,[::1]:65403,
GET,localhost:4000,HTTP/1.0,/userInfo/1,[::1]:65455,
GET,localhost:4000,HTTP/1.0,/userInfo/1,[::1]:65453,
GET,localhost:4000,HTTP/1.0,/userInfo/1,[::1]:65404,
GET,localhost:4000,HTTP/1.0,/userInfo/1,[::1]:65440,
GET,localhost:4000,HTTP/1.0,/userInfo/1,[::1]:65420,
GET,localhost:4000,HTTP/1.0,/userInfo/1,[::1]:65458,
GET,localhost:4000,HTTP/1.0,/userInfo/1,[::1]:65394,
GET,localhost:4000,HTTP/1.0,/userInfo/1,[::1]:65430,
GET,localhost:4000,HTTP/1.0,/userInfo/1,[::1]:65443,
GET,localhost:4000,HTTP/1.0,/userInfo/1,[::1]:65391,
GET,localhost:4000,HTTP/1.0,/userInfo/1,[::1]:65459,
GET,localhost:4000,HTTP/1.0,/userInfo/1,[::1]:65426,
GET,localhost:4000,HTTP/1.0,/userInfo/1,[::1]:65436,
GET,localhost:4000,HTTP/1.0,/userInfo/1,[::1]:65402,
GET,localhost:4000,HTTP/1.0,/userInfo/1,[::1]:65444,
GET,localhost:4000,HTTP/1.0,/userInfo/1,[::1]:65462,
GET,localhost:4000,HTTP/1.0,/userInfo/1,[::1]:65398,
GET,localhost:4000,HTTP/1.0,/userInfo/1,[::1]:65447,
GET,localhost:4000,HTTP/1.0,/userInfo/1,[::1]:65439,
GET,localhost:4000,HTTP/1.0,/userInfo/1,[::1]:65428,
GET,localhost:4000,HTTP/1.0,/userInfo/1,[::1]:65399,
GET,localhost:4000,HTTP/1.0,/userInfo/1,[::1]:65401,
GET,localhost:4000,HTTP/1.0,/userInfo/1,[::1]:65400,
GET,localhost:4000,HTTP/1.0,/userInfo/1,[::1]:65442,
GET,localhost:4000,HTTP/1.0,/userInfo/1,[::1]:65397,
GET,localhost:4000,HTTP/1.0,/userInfo/1,[::1]:65396,
GET,localhost:4000,HTTP/1.0,/userInfo/1,[::1]:65465,
GET,localhost:4000,HTTP/1.0,/userInfo/1,[::1]:65464,
GET,localhost:4000,HTTP/1.0,/userInfo/1,[::1]:65466,
GET,localhost:4000,HTTP/1.0,/userInfo/1,[::1]:65474,
GET,localhost:4000,HTTP/1.0,/userInfo/1,[::1]:65470,
GET,localhost:4000,HTTP/1.0,/userInfo/1,[::1]:65477,
GET,localhost:4000,HTTP/1.0,/userInfo/1,[::1]:65471,
GET,localhost:4000,HTTP/1.0,/userInfo/1,[::1]:65472,
GET,localhost:4000,HTTP/1.0,/userInfo/1,[::1]:65468,
GET,localhost:4000,HTTP/1.0,/userInfo/1,[::1]:65475,
GET,localhost:4000,HTTP/1.0,/userInfo/1,[::1]:65473,
GET,localhost:4000,HTTP/1.0,/userInfo/1,[::1]:65467,
GET,localhost:4000,HTTP/1.0,/userInfo/1,[::1]:65476,
GET,localhost:4000,HTTP/1.0,/userInfo/1,[::1]:65469,
GET,localhost:4000,HTTP/1.0,/userInfo/1,[::1]:65478,
GET,localhost:4000,HTTP/1.0,/userInfo/1,[::1]:65479,
GET,localhost:4000,HTTP/1.0,/userInfo/1,[::1]:65481,
GET,localhost:4000,HTTP/1.0,/userInfo/1,[::1]:65480,
GET,localhost:4000,HTTP/1.0,/userInfo/1,[::1]:65482,
GET,localhost:4000,HTTP/1.0,/userInfo/1,[::1]:65483,
GET,localhost:4000,HTTP/1.0,/userInfo/1,[::1]:65484,
GET,localhost:4000,HTTP/1.0,/userInfo/1,[::1]:65485,
GET,localhost:4000,HTTP/1.0,/userInfo/1,[::1]:65486,
GET,localhost:4000,HTTP/1.0,/userInfo/1,[::1]:65487,
GET,localhost:4000,HTTP/1.0,/userInfo/1,[::1]:65488,
GET,localhost:4000,HTTP/1.0,/userInfo/1,[::1]:65489,
GET,localhost:4000,HTTP/1.0,/userInfo/1,[::1]:65490,
GET,localhost:4000,HTTP/1.0,/userInfo/1,[::1]:65491,
GET,localhost:4000,HTTP/1.0,/userInfo/1,[::1]:65492,
GET,localhost:4000,HTTP/1.0,/userInfo/1,[::1]:65493,
GET,localhost:4000,HTTP/1.0,/userInfo/1,[::1]:65494,
GET,localhost:4000,HTTP/1.0,/userInfo/1,[::1]:65495,
GET,localhost:4000,HTTP/1.0,/userInfo/1,[::1]:65496,
GET,localhost:4000,HTTP/1.0,/userInfo/1,[::1]:65497,
GET,localhost:4000,HTTP/1.0,/userInfo/1,[::1]:65498,
GET,localhost:4000,HTTP/1.0,/userInfo/1,[::1]:65499,
GET,localhost:4000,HTTP/1.0,/userInfo/1,[::1]:65500,
GET,localhost:4000,HTTP/1.0,/userInfo/1,[::1]:65503,
GET,localhost:4000,HTTP/1.0,/userInfo/1,[::1]:65502,
GET,localhost:4000,HTTP/1.0,/userInfo/1,[::1]:65501,
GET,localhost:4000,HTTP/1.0,/userInfo/1,[::1]:65504,
GET,localhost:4000,HTTP/1.0,/userInfo/1,[::1]:65511,
GET,localhost:4000,HTTP/1.0,/userInfo/1,[::1]:65506,
GET,localhost:4000,HTTP/1.0,/userInfo/1,[::1]:65510,
GET,localhost:4000,HTTP/1.0,/userInfo/1,[::1]:65508,
GET,localhost:4000,HTTP/1.0,/userInfo/1,[::1]:65507,
GET,localhost:4000,HTTP/1.0,/userInfo/1,[::1]:65509,
GET,localhost:4000,HTTP/1.0,/userInfo/1,[::1]:65520,
GET,localhost:4000,HTTP/1.0,/userInfo/1,[::1]:65531,
GET,localhost:4000,HTTP/1.0,/userInfo/1,[::1]:65523,
GET,localhost:4000,HTTP/1.0,/userInfo/1,[::1]:65528,
GET,localhost:4000,HTTP/1.0,/userInfo/1,[::1]:65505,
GET,localhost:4000,HTTP/1.0,/userInfo/1,[::1]:65526,
GET,localhost:4000,HTTP/1.0,/userInfo/1,[::1]:49152,
GET,localhost:4000,HTTP/1.0,/userInfo/1,[::1]:65535,
GET,localhost:4000,HTTP/1.0,/userInfo/1,[::1]:65534,
GET,localhost:4000,HTTP/1.0,/userInfo/1,[::1]:65529,
GET,localhost:4000,HTTP/1.0,/userInfo/1,[::1]:65516,
GET,localhost:4000,HTTP/1.0,/userInfo/1,[::1]:65514,
GET,localhost:4000,HTTP/1.0,/userInfo/1,[::1]:65518,
GET,localhost:4000,HTTP/1.0,/userInfo/1,[::1]:65532,
GET,localhost:4000,HTTP/1.0,/userInfo/1,[::1]:65515,
GET,localhost:4000,HTTP/1.0,/userInfo/1,[::1]:65533,
GET,localhost:4000,HTTP/1.0,/userInfo/1,[::1]:65512,
GET,localhost:4000,HTTP/1.0,/userInfo/1,[::1]:65517,
GET,localhost:4000,HTTP/1.0,/userInfo/1,[::1]:65525,
GET,localhost:4000,HTTP/1.0,/userInfo/1,[::1]:65524,
GET,localhost:4000,HTTP/1.0,/userInfo/1,[::1]:65522,
GET,localhost:4000,HTTP/1.0,/userInfo/1,[::1]:65527,
GET,localhost:4000,HTTP/1.0,/userInfo/1,[::1]:65530,
GET,localhost:4000,HTTP/1.0,/userInfo/1,[::1]:65519,
GET,localhost:4000,HTTP/1.0,/userInfo/1,[::1]:65513,
GET,localhost:4000,HTTP/1.0,/userInfo/1,[::1]:65521,
GET,localhost:4000,HTTP/1.0,/userInfo/1,[::1]:49176,
GET,localhost:4000,HTTP/1.0,/userInfo/1,[::1]:49159,
GET,localhost:4000,HTTP/1.0,/userInfo/1,[::1]:49175,
GET,localhost:4000,HTTP/1.0,/userInfo/1,[::1]:49163,
GET,localhost:4000,HTTP/1.0,/userInfo/1,[::1]:49167,
GET,localhost:4000,HTTP/1.0,/userInfo/1,[::1]:49172,
GET,localhost:4000,HTTP/1.0,/userInfo/1,[::1]:49161,
GET,localhost:4000,HTTP/1.0,/userInfo/1,[::1]:49160,
GET,localhost:4000,HTTP/1.0,/userInfo/1,[::1]:49173,
GET,localhost:4000,HTTP/1.0,/userInfo/1,[::1]:49157,
GET,localhost:4000,HTTP/1.0,/userInfo/1,[::1]:49156,
GET,localhost:4000,HTTP/1.0,/userInfo/1,[::1]:49166,
GET,localhost:4000,HTTP/1.0,/userInfo/1,[::1]:49153,
GET,localhost:4000,HTTP/1.0,/userInfo/1,[::1]:49158,
GET,localhost:4000,HTTP/1.0,/userInfo/1,[::1]:49174,
GET,localhost:4000,HTTP/1.0,/userInfo/1,[::1]:49168,
GET,localhost:4000,HTTP/1.0,/userInfo/1,[::1]:49155,
GET,localhost:4000,HTTP/1.0,/userInfo/1,[::1]:49165,
GET,localhost:4000,HTTP/1.0,/userInfo/1,[::1]:49171,
GET,localhost:4000,HTTP/1.0,/userInfo/1,[::1]:49169,
GET,localhost:4000,HTTP/1.0,/userInfo/1,[::1]:49170,
GET,localhost:4000,HTTP/1.0,/userInfo/1,[::1]:49164,
GET,localhost:4000,HTTP/1.0,/userInfo/1,[::1]:49162,
GET,localhost:4000,HTTP/1.0,/userInfo/1,[::1]:49154,
GET,localhost:4000,HTTP/1.0,/userInfo/1,[::1]:49177,
GET,localhost:4000,HTTP/1.0,/userInfo/1,[::1]:49178,
GET,localhost:4000,HTTP/1.0,/userInfo/1,[::1]:49179,
GET,localhost:4000,HTTP/1.0,/userInfo/1,[::1]:49180,
GET,localhost:4000,HTTP/1.0,/userInfo/1,[::1]:49181,
GET,localhost:4000,HTTP/1.0,/userInfo/1,[::1]:49182,
GET,localhost:4000,HTTP/1.0,/userInfo/1,[::1]:49184,
GET,localhost:4000,HTTP/1.0,/userInfo/1,[::1]:49183,
GET,localhost:4000,HTTP/1.0,/userInfo/1,[::1]:49189,
GET,localhost:4000,HTTP/1.0,/userInfo/1,[::1]:49187,
GET,localhost:4000,HTTP/1.0,/userInfo/1,[::1]:49186,
GET,localhost:4000,HTTP/1.0,/userInfo/1,[::1]:49185,
GET,localhost:4000,HTTP/1.0,/userInfo/1,[::1]:49188,
GET,localhost:4000,HTTP/1.0,/userInfo/1,[::1]:49190,
GET,localhost:4000,HTTP/1.0,/userInfo/1,[::1]:49193,
GET,localhost:4000,HTTP/1.0,/userInfo/1,[::1]:49192,
GET,localhost:4000,HTTP/1.0,/userInfo/1,[::1]:49191,
GET,localhost:4000,HTTP/1.0,/userInfo/1,[::1]:49194,
GET,localhost:4000,HTTP/1.0,/userInfo/1,[::1]:49195,
GET,localhost:4000,HTTP/1.0,/userInfo/1,[::1]:49196,
GET,localhost:4000,HTTP/1.0,/userInfo/1,[::1]:49198,
GET,localhost:4000,HTTP/1.0,/userInfo/1,[::1]:49200,
GET,localhost:4000,HTTP/1.0,/userInfo/1,[::1]:49199,
GET,localhost:4000,HTTP/1.0,/userInfo/1,[::1]:49201,
GET,localhost:4000,HTTP/1.0,/userInfo/1,[::1]:49197,
GET,localhost:4000,HTTP/1.0,/userInfo/1,[::1]:49202,
GET,localhost:4000,HTTP/1.0,/userInfo/1,[::1]:49204,
GET,localhost:4000,HTTP/1.0,/userInfo/1,[::1]:49203,
GET,localhost:4000,HTTP/1.0,/userInfo/1,[::1]:49205,
GET,localhost:4000,HTTP/1.0,/userInfo/1,[::1]:49206,
GET,localhost:4000,HTTP/1.0,/userInfo/1,[::1]:49207,
GET,localhost:4000,HTTP/1.0,/userInfo/1,[::1]:49209,
GET,localhost:4000,HTTP/1.0,/userInfo/1,[::1]:49208,
GET,localhost:4000,HTTP/1.0,/userInfo/1,[::1]:49210,
GET,localhost:4000,HTTP/1.0,/userInfo/1,[::1]:49211,
GET,localhost:4000,HTTP/1.0,/userInfo/1,[::1]:49214,
GET,localhost:4000,HTTP/1.0,/userInfo/1,[::1]:49213,
GET,localhost:4000,HTTP/1.0,/userInfo/1,[::1]:49212,
GET,localhost:4000,HTTP/1.0,/userInfo/1,[::1]:49215,
GET,localhost:4000,HTTP/1.0,/userInfo/1,[::1]:49216,
GET,localhost:4000,HTTP/1.0,/userInfo/1,[::1]:49219,
GET,localhost:4000,HTTP/1.0,/userInfo/1,[::1]:49218,
GET,localhost:4000,HTTP/1.0,/userInfo/1,[::1]:49217,
GET,localhost:4000,HTTP/1.0,/userInfo/1,[::1]:49220,
GET,localhost:4000,HTTP/1.0,/userInfo/1,[::1]:49221,
GET,localhost:4000,HTTP/1.0,/userInfo/1,[::1]:49222,
GET,localhost:4000,HTTP/1.0,/userInfo/1,[::1]:49224,
GET,localhost:4000,HTTP/1.0,/userInfo/1,[::1]:49223,
GET,localhost:4000,HTTP/1.0,/userInfo/1,[::1]:49226,
GET,localhost:4000,HTTP/1.0,/userInfo/1,[::1]:49225,
GET,localhost:4000,HTTP/1.0,/userInfo/1,[::1]:49227,
GET,localhost:4000,HTTP/1.0,/userInfo/1,[::1]:49228,
GET,localhost:4000,HTTP/1.0,/userInfo/1,[::1]:49229,
GET,localhost:4000,HTTP/1.0,/userInfo/1,[::1]:49230,
GET,localhost:4000,HTTP/1.0,/userInfo/1,[::1]:49231,
GET,localhost:4000,HTTP/1.0,/userInfo/1,[::1]:49232,
GET,localhost:4000,HTTP/1.0,/userInfo/1,[::1]:49233,
GET,localhost:4000,HTTP/1.0,/userInfo/1,[::1]:49234,
GET,localhost:4000,HTTP/1.0,/userInfo/1,[::1]:49237,
GET,localhost:4000,HTTP/1.0,/userInfo/1,[::1]:49235,
GET,localhost:4000,HTTP/1.0,/userInfo/1,[::1]:49236,
GET,localhost:4000,HTTP/1.0,/userInfo/1,[::1]:49239,
GET,localhost:4000,HTTP/1.0,/userInfo/1,[::1]:49238,
GET,localhost:4000,HTTP/1.0,/userInfo/1,[::1]:49240,
GET,localhost:4000,HTTP/1.0,/userInfo/1,[::1]:49243,
GET,localhost:4000,HTTP/1.0,/userInfo/1,[::1]:49241,
GET,localhost:4000,HTTP/1.0,/userInfo/1,[::1]:49242,
GET,localhost:4000,HTTP/1.0,/userInfo/1,[::1]:49244,
GET,localhost:4000,HTTP/1.0,/userInfo/1,[::1]:49245,
GET,localhost:4000,HTTP/1.0,/userInfo/1,[::1]:49246,
GET,localhost:4000,HTTP/1.0,/userInfo/1,[::1]:49247,
GET,localhost:4000,HTTP/1.0,/userInfo/1,[::1]:49248,
GET,localhost:4000,HTTP/1.0,/userInfo/1,[::1]:49249,
GET,localhost:4000,HTTP/1.0,/userInfo/1,[::1]:49250,
GET,localhost:4000,HTTP/1.0,/userInfo/1,[::1]:49251,
GET,localhost:4000,HTTP/1.0,/userInfo/1,[::1]:49252,
GET,localhost:4000,HTTP/1.0,/userInfo/1,[::1]:49254,
GET,localhost:4000,HTTP/1.0,/userInfo/1,[::1]:49253,
GET,localhost:4000,HTTP/1.0,/userInfo/1,[::1]:49256,
GET,localhost:4000,HTTP/1.0,/userInfo/1,[::1]:49255,
GET,localhost:4000,HTTP/1.0,/userInfo/1,[::1]:49257,
GET,localhost:4000,HTTP/1.0,/userInfo/1,[::1]:49261,
GET,localhost:4000,HTTP/1.0,/userInfo/1,[::1]:49259,
GET,localhost:4000,HTTP/1.0,/userInfo/1,[::1]:49258,
GET,localhost:4000,HTTP/1.0,/userInfo/1,[::1]:49262,
GET,localhost:4000,HTTP/1.0,/userInfo/1,[::1]:49260,
GET,localhost:4000,HTTP/1.0,/userInfo/1,[::1]:49265,
GET,localhost:4000,HTTP/1.0,/userInfo/1,[::1]:49263,
GET,localhost:4000,HTTP/1.0,/userInfo/1,[::1]:49264,
GET,localhost:4000,HTTP/1.0,/userInfo/1,[::1]:49266,
GET,localhost:4000,HTTP/1.0,/userInfo/1,[::1]:49267,
GET,localhost:4000,HTTP/1.0,/userInfo/1,[::1]:49268,
GET,localhost:4000,HTTP/1.0,/userInfo/1,[::1]:49269,
GET,localhost:4000,HTTP/1.0,/userInfo/1,[::1]:49270,
GET,localhost:4000,HTTP/1.0,/userInfo/1,[::1]:49271,
GET,localhost:4000,HTTP/1.0,/userInfo/1,[::1]:49272,
GET,localhost:4000,HTTP/1.0,/userInfo/1,[::1]:49275,
GET,localhost:4000,HTTP/1.0,/userInfo/1,[::1]:49274,
GET,localhost:4000,HTTP/1.0,/userInfo/1,[::1]:49276,
GET,localhost:4000,HTTP/1.0,/userInfo/1,[::1]:49273,
GET,localhost:4000,HTTP/1.0,/userInfo/1,[::1]:49277,
GET,localhost:4000,HTTP/1.0,/userInfo/1,[::1]:49280,
GET,localhost:4000,HTTP/1.0,/userInfo/1,[::1]:49279,
GET,localhost:4000,HTTP/1.0,/userInfo/1,[::1]:49278,
GET,localhost:4000,HTTP/1.0,/userInfo/1,[::1]:49282,
GET,localhost:4000,HTTP/1.0,/userInfo/1,[::1]:49283,
GET,localhost:4000,HTTP/1.0,/userInfo/1,[::1]:49284,
GET,localhost:4000,HTTP/1.0,/userInfo/1,[::1]:49281,
GET,localhost:4000,HTTP/1.0,/userInfo/1,[::1]:49285,
GET,localhost:4000,HTTP/1.0,/userInfo/1,[::1]:49286,
GET,localhost:4000,HTTP/1.0,/userInfo/1,[::1]:49287,
GET,localhost:4000,HTTP/1.0,/userInfo/1,[::1]:49289,
GET,localhost:4000,HTTP/1.0,/userInfo/1,[::1]:49288,
GET,localhost:4000,HTTP/1.0,/userInfo/1,[::1]:49291,
GET,localhost:4000,HTTP/1.0,/userInfo/1,[::1]:49290,
GET,localhost:4000,HTTP/1.0,/userInfo/1,[::1]:49292,
GET,127.0.0.1:4000,HTTP/1.1,/,127.0.0.1:51771,
GET,127.0.0.1:4000,HTTP/1.1,/favicon.ico,127.0.0.1:51771,
GET,127.0.0.1:5000,HTTP/1.1,/,127.0.0.1:50767,
GET,127.0.0.1:5000,HTTP/1.1,/favicon.ico,127.0.0.1:50767,
GET,127.0.0.1:4000,HTTP/1.1,/,127.0.0.1:50940,
GET,127.0.0.1:4000,HTTP/1.1,/favicon.ico,127.0.0.1:50940,
GET,127.0.0.1:4000,HTTP/1.1,/,127.0.0.1:51041,
GET,127.0.0.1:4000,HTTP/1.1,/favicon.ico,127.0.0.1:51041,
GET,127.0.0.1:4000,HTTP/1.1,/,127.0.0.1:51041,
GET,127.0.0.1:4000,HTTP/1.1,/favicon.ico,127.0.0.1:51041,
GET,127.0.0.1:4000,HTTP/1.1,/,127.0.0.1:51041,
GET,127.0.0.1:4000,HTTP/1.1,/favicon.ico,127.0.0.1:51041,
GET,127.0.0.1:4000,HTTP/1.1,/,127.0.0.1:51103,
GET,127.0.0.1:4000,HTTP/1.1,/favicon.ico,127.0.0.1:51103,
GET,127.0.0.1:4000,HTTP/1.1,/,127.0.0.1:51111,
GET,127.0.0.1:4000,HTTP/1.1,/favicon.ico,127.0.0.1:51111,
GET,127.0.0.1:10000,HTTP/1.1,/,127.0.0.1:51273,
GET,127.0.0.1:10000,HTTP/1.1,/,127.0.0.1:51283,
POST,127.0.0.1:10000,HTTP/1.1,/,127.0.0.1:51283,
POST,127.0.0.1:10000,HTTP/1.1,/,127.0.0.1:51283,
POST,127.0.0.1:10000,HTTP/1.1,/product/GetAllHotel/index,127.0.0.1:51356,
POST,127.0.0.1:10000,HTTP/1.1,/product/GetAllHotel/index,127.0.0.1:51723,
POST,127.0.0.1:10000,HTTP/1.1,/product/GetAllHotel/index,127.0.0.1:51723,
POST,127.0.0.1:10000,HTTP/1.1,/product/GetAllHotel/index,127.0.0.1:51906,
POST,127.0.0.1:10000,HTTP/1.1,/product/GetAllHotel/index,127.0.0.1:51923,
POST,127.0.0.1:10000,HTTP/1.1,/product/GetAllHotel/index,127.0.0.1:52043,
POST,127.0.0.1:10000,HTTP/1.1,/product/GetAllHotel/index,127.0.0.1:52102,
